{
  "hash": "2bb94dad",
  "configHash": "6cfd4dde",
  "lockfileHash": "2f0c8575",
  "browserHash": "b94ddf80",
  "optimized": {
    "@angular/cdk/bidi": {
      "src": "../../../../../../node_modules/@angular/cdk/fesm2022/bidi.mjs",
      "file": "@angular_cdk_bidi.js",
      "fileHash": "f8f01064",
      "needsInterop": false
    },
    "@angular/cdk/scrolling": {
      "src": "../../../../../../node_modules/@angular/cdk/fesm2022/scrolling.mjs",
      "file": "@angular_cdk_scrolling.js",
      "fileHash": "0f5628aa",
      "needsInterop": false
    },
    "@angular/cdk/text-field": {
      "src": "../../../../../../node_modules/@angular/cdk/fesm2022/text-field.mjs",
      "file": "@angular_cdk_text-field.js",
      "fileHash": "d7ef3060",
      "needsInterop": false
    },
    "@angular/common": {
      "src": "../../../../../../node_modules/@angular/common/fesm2022/common.mjs",
      "file": "@angular_common.js",
      "fileHash": "cd02086d",
      "needsInterop": false
    },
    "@angular/common/http": {
      "src": "../../../../../../node_modules/@angular/common/fesm2022/http.mjs",
      "file": "@angular_common_http.js",
      "fileHash": "9cce2a36",
      "needsInterop": false
    },
    "@angular/core": {
      "src": "../../../../../../node_modules/@angular/core/fesm2022/core.mjs",
      "file": "@angular_core.js",
      "fileHash": "78648917",
      "needsInterop": false
    },
    "@angular/forms": {
      "src": "../../../../../../node_modules/@angular/forms/fesm2022/forms.mjs",
      "file": "@angular_forms.js",
      "fileHash": "9e9d7ff8",
      "needsInterop": false
    },
    "@angular/material/button": {
      "src": "../../../../../../node_modules/@angular/material/fesm2022/button.mjs",
      "file": "@angular_material_button.js",
      "fileHash": "c7b9c195",
      "needsInterop": false
    },
    "@angular/material/card": {
      "src": "../../../../../../node_modules/@angular/material/fesm2022/card.mjs",
      "file": "@angular_material_card.js",
      "fileHash": "a1dbed9a",
      "needsInterop": false
    },
    "@angular/material/chips": {
      "src": "../../../../../../node_modules/@angular/material/fesm2022/chips.mjs",
      "file": "@angular_material_chips.js",
      "fileHash": "c0961f57",
      "needsInterop": false
    },
    "@angular/material/form-field": {
      "src": "../../../../../../node_modules/@angular/material/fesm2022/form-field.mjs",
      "file": "@angular_material_form-field.js",
      "fileHash": "af59a8eb",
      "needsInterop": false
    },
    "@angular/material/icon": {
      "src": "../../../../../../node_modules/@angular/material/fesm2022/icon.mjs",
      "file": "@angular_material_icon.js",
      "fileHash": "ab1ddb82",
      "needsInterop": false
    },
    "@angular/material/input": {
      "src": "../../../../../../node_modules/@angular/material/fesm2022/input.mjs",
      "file": "@angular_material_input.js",
      "fileHash": "b067ee60",
      "needsInterop": false
    },
    "@angular/material/select": {
      "src": "../../../../../../node_modules/@angular/material/fesm2022/select.mjs",
      "file": "@angular_material_select.js",
      "fileHash": "22b977b6",
      "needsInterop": false
    },
    "@angular/material/toolbar": {
      "src": "../../../../../../node_modules/@angular/material/fesm2022/toolbar.mjs",
      "file": "@angular_material_toolbar.js",
      "fileHash": "c0b725d5",
      "needsInterop": false
    },
    "@angular/platform-browser": {
      "src": "../../../../../../node_modules/@angular/platform-browser/fesm2022/platform-browser.mjs",
      "file": "@angular_platform-browser.js",
      "fileHash": "38fd9420",
      "needsInterop": false
    },
    "@angular/platform-browser/animations": {
      "src": "../../../../../../node_modules/@angular/platform-browser/fesm2022/animations.mjs",
      "file": "@angular_platform-browser_animations.js",
      "fileHash": "8826fba4",
      "needsInterop": false
    },
    "@angular/router": {
      "src": "../../../../../../node_modules/@angular/router/fesm2022/router.mjs",
      "file": "@angular_router.js",
      "fileHash": "b533a0b7",
      "needsInterop": false
    },
    "rxjs": {
      "src": "../../../../../../node_modules/rxjs/dist/esm5/index.js",
      "file": "rxjs.js",
      "fileHash": "3b8aa986",
      "needsInterop": false
    },
    "rxjs/operators": {
      "src": "../../../../../../node_modules/rxjs/dist/esm5/operators/index.js",
      "file": "rxjs_operators.js",
      "fileHash": "49b11aa6",
      "needsInterop": false
    },
    "zone.js": {
      "src": "../../../../../../node_modules/zone.js/fesm2015/zone.js",
      "file": "zone__js.js",
      "fileHash": "e1617cb8",
      "needsInterop": true
    }
  },
  "chunks": {
    "chunk-TQSQOSMW": {
      "file": "chunk-TQSQOSMW.js"
    },
    "chunk-Y5N2VYHX": {
      "file": "chunk-Y5N2VYHX.js"
    },
    "chunk-DVWA7U6G": {
      "file": "chunk-DVWA7U6G.js"
    },
    "chunk-YU2HUMEW": {
      "file": "chunk-YU2HUMEW.js"
    },
    "chunk-XZ6FCFZ4": {
      "file": "chunk-XZ6FCFZ4.js"
    },
    "chunk-SIPW5JG4": {
      "file": "chunk-SIPW5JG4.js"
    },
    "chunk-WSUI52NI": {
      "file": "chunk-WSUI52NI.js"
    },
    "chunk-CQJGYS3T": {
      "file": "chunk-CQJGYS3T.js"
    },
    "chunk-UDPP4KHI": {
      "file": "chunk-UDPP4KHI.js"
    },
    "chunk-VMHLUBZI": {
      "file": "chunk-VMHLUBZI.js"
    },
    "chunk-ITU3WGRP": {
      "file": "chunk-ITU3WGRP.js"
    },
    "chunk-POK5HT4I": {
      "file": "chunk-POK5HT4I.js"
    },
    "chunk-JD65XQYK": {
      "file": "chunk-JD65XQYK.js"
    },
    "chunk-7UJZXIJQ": {
      "file": "chunk-7UJZXIJQ.js"
    },
    "chunk-LMCDM6EY": {
      "file": "chunk-LMCDM6EY.js"
    },
    "chunk-JCRSFHHL": {
      "file": "chunk-JCRSFHHL.js"
    },
    "chunk-5N5ILVC2": {
      "file": "chunk-5N5ILVC2.js"
    },
    "chunk-LU6T47BR": {
      "file": "chunk-LU6T47BR.js"
    },
    "chunk-5Z5W7EUK": {
      "file": "chunk-5Z5W7EUK.js"
    },
    "chunk-YW65FSQM": {
      "file": "chunk-YW65FSQM.js"
    },
    "chunk-2Q52CLZD": {
      "file": "chunk-2Q52CLZD.js"
    },
    "chunk-JRFR6BLO": {
      "file": "chunk-JRFR6BLO.js"
    },
    "chunk-HWYXSU2G": {
      "file": "chunk-HWYXSU2G.js"
    },
    "chunk-MARUHEWW": {
      "file": "chunk-MARUHEWW.js"
    },
    "chunk-WDMUDEB6": {
      "file": "chunk-WDMUDEB6.js"
    }
  }
}